row_id,verdict,artifact_path,artifact_exists,layer_match,surface_path,reason,artifact_shared_with
6,BACKED,(inline verbatim; no file),n/a,yes,products/catalyst/bootstrap/ui/src/pages/sovereign/organizations/OrganizationsDirectoryPage.tsx + live:catalyst-api GET /api/v1/organizations,Final 2026-08-08 authed stamp returns 3 concrete records with uatco kind=customer tier=org billing_mode=real isolation=vcluster status=done; graded at the API the directory renders from rather than the rendered page; the long ⛔/☐ history above it is superseded,
8,BACKED,docs/sessions/2026-08-06/hw292-screenshots/row8-create-organization-form.png,yes,yes,products/catalyst/bootstrap/ui/src/pages/org/CreateOrganizationPage.tsx,Every field the clause names is enumerated verbatim (kind picker with both option labels; slug; Company name; Admin email; parent-domain combobox) and the row-id-named screenshot exists with a unique hash,
9,BACKED,(inline kubectl; no file),n/a,partial,core/controllers/organization + live:hw292 statefulset uatco/vcluster,The anti-fake-green half is the strongest evidence in the batch — StatefulSet 1/1 plus HR Ready=True with TWO discriminating controls (internal Org returns no StatefulSet and an empty .status.vcluster; 53 of 71 region-A HRs are Ready=False); but the clause's 'Org detail Status = active' console half carries no hw292 stamp and the note itself says a UI screenshot proves nothing here,
13,BACKED,docs/sessions/2026-08-06/hw292-screenshots/row13-catalog-postgres-newinstance.png,yes,yes,products/catalyst/bootstrap/ui/src/pages/sovereign/CatalogDetail.tsx,I opened the PNG: it shows /catalog/bp-postgres with the '+ New Instance' button and a 5-row live instances table; the catalog-grid half is delegated to rows 124/125 whose own screenshot (row124-catalog-grid.png) is on disk,50 151
14,BACKED,docs/sessions/2026-08-06/hw292-screenshots/row14-sharedpg-contexts-multiple-consumers.png,yes,yes,products/catalyst/bootstrap/ui/src/pages/sovereign/AppDetail + live:shared-data/shared-pg CNPG,Proven below the UI: three consumer secrets decoded to the SAME host shared-pg-mesh-rw.shared-data.svc with distinct dbnames registry/gitea/keycloak over one CNPG cluster instances=3 ready=3 — a real many-to-one demonstration; screenshot unique,
20,LAYER-MISMATCH,(inline JSON; no file),n/a,no,products/catalyst/bootstrap/api/internal/handler/org_consumption.go (orgForRow) + products/catalyst/bootstrap/ui/src/pages/sovereign/Dashboard.tsx,Clause asserts a RENDERED property ('visually distinct on the treemap') but every stamp grades the JSON projection — GET /api/v1/dashboard/treemap returns two sibling top-level nodes __platform__ 195/20110 and uatco 9/2770 with disjoint children; the projection is measured and correct but 'so the customer estate is a distinct region' is an inference to rendering and no treemap screenshot is cited (row97-dashboard-treemap-layers.png exists and is uncited),
21,BACKED,docs/sessions/2026-08-06/hw292-screenshots/row21-showback-application-column.png,yes,yes,products/catalyst/bootstrap/ui/src/pages/sovereign/organizations/ShowbackPanel.tsx,"The PROSE alone is vacuous — it only records the parent Org showing 'No applications attributed yet' with 0 units; an Application column with zero rows cannot fail the clause; the cited screenshot rescues it: I opened it and the uatco section lists exactly 5 Applications (uatco-agenity-rtz-a, vcluster, uatco-mail-rtz-a, uatco-openclaw-mgmt-a, bp-oidc-gate) all in namespace uatco with no infra leakage",22 23 R14
22,BACKED,docs/sessions/2026-08-06/hw292-screenshots/row22-showback-platform-overhead.png,yes,yes,products/catalyst/bootstrap/ui/src/pages/sovereign/organizations/ShowbackPanel.tsx,Verbatim roll-up line with four concrete totals and the '(one-shot jobs) (various)' row; I opened the screenshot and the single visually-distinct __platform__ section is present holding the full control-plane table,21 23 R14
23,BACKED,docs/sessions/2026-08-06/hw292-screenshots/row23-showback-second-org-row.png,yes,yes,products/catalyst/bootstrap/ui/src/pages/sovereign/organizations/ShowbackPanel.tsx,"Three verbatim section headers with per-section totals show the second Org as its own section distinct from platform overhead; prose (08-03) attributes uatco a single 'vcluster' row which is isolation rather than an app, but the 08-06 screenshot shows uatco carrying four real workloads plus vcluster so the clause's 'runs an app' is satisfied by the artifact",21 22 R14
24,BACKED,docs/sessions/2026-08-06/hw292-screenshots/row24-sharedpg-tabstrip.png,yes,yes,products/catalyst/bootstrap/ui/src/pages/sovereign/AppDetail,Full tab strip quoted verbatim with all four canonical tabs in order AND a real negative control — /app/bp-cilium (non-shareable) renders no Contexts tab — so the conditional half is discriminating not assumed,
26,ARTIFACT-MISSING,docs/sessions/**/row26-console-bare.png,no,yes,products/catalyst/bootstrap/ui/src/pages/sovereign/Dashboard.tsx + catalyst-api PIN auth,Evidence claims 'Screenshot captured (row26-console-bare.png)' but that exact filename exists nowhere in the repo; the only on-disk near-match is docs/sessions/2026-08-06/hw292-screenshots/row26-console-bare-url-owner.png from a DIFFERENT (08-06) walk; prose itself is strong (final URL /dashboard; PIN-input/login-button/email-input counts all 0 by role selector) so this is a lost artifact not a layer defect,
27,BACKED,docs/sessions/2026-08-08/hw292-browser-walk/hw292-03-avatar-menu.png,yes,yes,products/catalyst/bootstrap/ui/src/widgets/auth/ProfileMenu.tsx,Real browser walk with a PIN-typed session; DOM reads 'SIGNED IN AS emrah.baysal@openova.io' plus a 'Sign out' item; verified the artifact by DIRECTORY (hw292-browser-walk) + FILENAME (avatar-menu) since the file does not carry the row id; the older row-id-named docs/sessions/2026-08-06/hw292-screenshots/row27-console-avatar-menu-signedin.png also exists; CAVEAT the cell self-discloses that the menu is BOTTOM-LEFT not the 'top-right' the clause states,
28,BACKED,docs/sessions/2026-08-08/hw292-browser-walk/hw292-04-users.png,yes,yes,products/catalyst/bootstrap/ui/src/pages/admin/user-access/UserAccessListPage.tsx,Browser walk renders /users with the owner row in the DOM; the cell explicitly refuses to let the earlier admin/user-access HTTP 200 settle the render clause and waits for the DOM — that is the correct layer discipline; tier=owner half carried by the live CR field tierRoleRef=openova:tier-owner; artifact verified by FILENAME (04-users) + DIRECTORY,45
30,BACKED,docs/sessions/2026-08-08/hw292-sso-walk/hw292-sso-30-grafana-menu.png,yes,yes,clusters/_template/bootstrap-kit/25-grafana.yaml,Both sub-clauses opened rather than inferred — left nav 'Administration' and the user menu reading the owner — after a console PIN session was established first and the bare URL visited in the SAME browser context; landed title 'Home - Dashboards - Grafana'; filename names row 30,
31,BACKED,docs/sessions/2026-08-08/hw292-sso-walk/hw292-sso-31-gitea-menu.png,yes,yes,clusters/_template/bootstrap-kit/10-gitea.yaml,Path is ELIDED in the cell ('.../hw292-sso-31-gitea-menu.png') but resolves in the sibling sso-walk directory and exists; landed title 'emrah.baysal - Dashboard - Catalyst Gitea' matches the clause verbatim and the profile menu exposes Site Administration; filename names row 31,
32,BACKED,docs/sessions/2026-08-08/hw292-sso-walk/hw292-sso-32-harbor.png,yes,yes,clusters/_template/bootstrap-kit/19-harbor.yaml,Path ELIDED in the cell but resolves and exists; landed /harbor/projects with 0 password inputs; owner dropdown and an expanded Administration menu enumerated item-by-item; row was FAILING on 2026-08-03 so the check demonstrably can fail; filename names row 32,
34,BACKED,docs/sessions/2026-08-08/hw292-sso-walk/hw292-sso-34-keycloak.png,yes,yes,clusters/_template/bootstrap-kit/09-keycloak.yaml + live:keycloak-realm,Path ELIDED but resolves and exists; landed INSIDE the sovereign-realm admin console reading 'Sovereign / Current realm' with the Manage nav enumerated; 0 password inputs and no master-realm login; prior 2026-08-03 result was the login form so the negative outcome is real; filename names row 34,
35,BACKED,docs/sessions/2026-08-08/hw292-sso-deep/hw292-kc2-row35.png,yes,yes,clusters/_template/bootstrap-kit/13c-bp-oidc-gate.yaml (guacamole instance) + 52-bp-guacamole.yaml,Landed https://guacamole.hw292.omani.works/guacamole/#/ with the connections list rendering 'RECENT CONNECTIONS emrah.baysal@openova.io' — a positive identity string; explicitly negates the two named failure modes (Tomcat 404; /guacamole/ login page); filename names row 35,
36,BACKED,docs/sessions/2026-08-08/hw292-sso-deep/hw292-kc2-row36.png,yes,yes,clusters/_template/bootstrap-kit/13c-bp-oidc-gate.yaml:205-209 (powerdns-admin instance),Title 'Dashboard - PowerDNS-Admin' with the owner email and Logout in the DOM plus the full nav enumerated; the cell also records that the real host is pdns-admin.* and that an earlier 404 was evidence about a GUESSED hostname not about the app — subject verified before value; filename names row 36,
39,LAYER-MISMATCH,docs/sessions/2026-08-08/hw292-sso-walk/hw292-sso-39-hubble.png,yes,no,clusters/_template/bootstrap-kit/01-cilium.yaml (catalystOverlay.hubbleUI.auth line 535),The clause's discriminating property is 'authenticated (not an anonymous/unauth view)' and the evidence grades only page SHAPE — real Hubble UI painted; 0 password inputs; no login copy — with NO identity string anywhere in the DOM (unlike rows 31/32/34/35/36 which all show the owner); Hubble UI carries no user chrome so the identical DOM would render for an anonymous visitor whenever the oauth2-proxy gate is off; that is not hypothetical since the slot history shows HUBBLE_AUTH flipped none->oidc->none->oidc; the gate default is oidc today but the evidence never cites the gate so the row's negative half is ungraded,
40,BACKED,docs/sessions/2026-08-07/hw292-screenshots/row40-anon-storefront.png,yes,yes,core/marketplace/src/pages/index.astro,Clean-context anonymous browser walk with both clauses read from the painted page (title; storefront copy; 6-step nav) and the negative half measured as 0 redirects with /sign in to continue/i and /password/i FALSE; the 08-09 re-verify adds a CONTROL on the same Sovereign — grafana redirects AWAY to the broker and returns a 1063-byte shell — so a forced-login surface is visibly distinguishable and the check can fail; filename names row 40,
42,BACKED,docs/sessions/2026-08-08/hw292-sso-deep/hw292-kc2-row42.png,yes,yes,platform/keycloak/chart/templates/configmap-sovereign-realm.yaml + live:keycloak-realm,Walked to the owner's Groups tab in the sovereign-realm admin console (URL carries the user UUID) and BOTH memberships the row names render — /sovereign-admins and /openova-users; clause names the Groups tab and the evidence grades the Groups tab; filename names row 42,
43,BACKED,docs/sessions/2026-08-08/hw292-sso-deep/hw292-kc4-row43-effective-roles.png,yes,yes,platform/keycloak/chart/templates/configmap-sovereign-realm.yaml + live:keycloak-realm,Strongest method in the batch: the cell refuses two false negatives (catalyst-admin absent from the default view; absent from page 1 with inherited revealed) because keycloak hides inherited roles and paginates at 10; raised page size and walked every page for 29 effective roles with the row-level verbatim 'catalyst-admin | True | Catalyst console: admin tier'; the negative half (not only default-roles/uma/offline) is enumerated too,
44,BACKED,docs/sessions/2026-08-08/hw292-sso-deep/hw292-kc2-row44.png,yes,yes,platform/keycloak/chart/templates/configmap-sovereign-realm.yaml + live:keycloak-realm,Groups -> sovereign-admins -> Role mapping opened in the browser with all three named grants present in ONE view — catalyst-admin plus realm-admin plus realm-management — which is exactly the 'one source both grants' the clause asserts; filename names row 44,
45,BACKED,docs/sessions/2026-08-08/hw292-browser-walk/hw292-04-users.png,yes,yes,products/catalyst/bootstrap/ui/src/pages/admin/user-access/UserAccessListPage.tsx + SovereignSidebar.tsx,Render half fully graded at the DOM layer — sidebar entries enumerated and /users loads for the signed-in owner with the owner row plus '+ New' and per-row 'Delete' manage affordances; the row-id-named docs/sessions/2026-08-06/hw292-screenshots/row45-console-users-panel.png also exists; CAVEAT the trailing 'driven by the realm principal not a self-signed constant' half is argued by CHAIN (sidebar-entries 200 + whoami roles + rows 42/43/44) with no negative control — no walk shows the nav disappearing for a principal lacking catalyst-admin,28
46,BACKED,docs/sessions/2026-08-06/hw292-screenshots/row46-new-instance-dialog-topology-select.png,yes,yes,products/catalyst/bootstrap/ui/src/pages/sovereign/AppDetail/InstancesSection.tsx,PNG opened and read: the New-instance-of-postgres dialog is on screen with a 'Topology mode' <select> plus Region(s) checkboxes; exactly the surface the clause names,49
47,BACKED,docs/sessions/2026-08-06/hw292-screenshots/row47-topology-select-vocabulary.png,yes,yes,products/catalyst/bootstrap/ui/src/widgets/topology/modes.ts,PNG shows the select carrying active-hot-standby (row46/49 PNG shows singleton in the same select); the collapsed control cannot display all four at once so the exhaustive four-value + zero-legacy-token claim rests on the narrated DOM read; corroborated at source by ALL_MODES = exactly the four canonical values with a CI drift test,
49,BACKED,docs/sessions/2026-08-06/hw292-screenshots/row49-singleton-default-selected.png,yes,yes,products/catalyst/bootstrap/ui/src/widgets/topology/modes.ts,byte-identical to the row46 PNG (md5 1f3eb1d3); it does show 'singleton - one cluster; lowest cost; no failover' selected as the default and row47's capture of the same select shows a different value; distinctness holds,46
50,BACKED,docs/sessions/2026-08-06/hw292-screenshots/row50-uat-ahs-pg-instance-ready.png,yes,yes,products/catalyst/bootstrap/ui/src/pages/sovereign/CatalogDetail.tsx + live:Application/uat-ahs-pg,artifact is byte-identical to row13-catalog-postgres-newinstance.png (md5 55dc31e8) but does show the Instances table with uat-ahs-pg / hw292-omani-works / active-hot-standby / Ready and no red error; create-succeeded is additionally carried by the cited Application CR,13 151
51,BACKED,docs/sessions/2026-08-06/hw292-screenshots/row51-shared-pg-topology-per-region-placement.png,yes,yes,products/catalyst/bootstrap/ui/src/pages/sovereign/AppDetail/TopologyTab.tsx + live:Continuum/dr-shared-pg,PNG shows ONE Placement block 'Pattern: active-hot-standby' holding both region cards joined by a repl arrow; not two instance entries,54 56 64
54,BACKED,docs/sessions/2026-08-06/hw292-screenshots/row54-shared-pg-declared-topology-strip.png,yes,yes,products/catalyst/bootstrap/ui/src/pages/sovereign/AppDetail/TopologyTab.tsx,same byte-identical shared-pg capture as rows 51/52/56/64 (md5 cd1aff44); the declared strip reads 'Pattern: active-hot-standby' with no competing dialect anywhere on the page,51 56 64
56,BACKED,docs/sessions/2026-08-06/hw292-screenshots/row56-shared-pg-replication-lag-seconds.png,yes,yes,products/catalyst/bootstrap/ui/src/pages/sovereign/AppDetail/TopologyTab.tsx + live:Continuum/dr-shared-pg,same shared PNG; it visibly carries PRIMARY REGION / STANDBY REGION cards and 'Replication lag 0.0 s' - the per-region placement plus replication block the clause names,51 54 64
58,BACKED,docs/sessions/2026-08-06/hw292-screenshots/row58-cilium-singleton-dr-hidden.png,yes,yes,products/catalyst/bootstrap/ui/src/pages/sovereign/AppDetail/TopologyTab.tsx,tested assertion holds - the bp-cilium Topology tab renders Placement then Status with NO Disaster-recovery block and no Switchover; PREMISE DRIFT to flag: the same PNG shows cilium as 'Pattern: active-active' with two PRIMARY cards so it is not the 'singleton app' the clause names,
60,LAYER-MISMATCH,docs/sessions/2026-08-06/hw292-screenshots/row60-uat-ahs-pg-2region-topology.png,yes,no,products/catalyst/bootstrap/ui/src/pages/sovereign/AppDetail/TopologyTab.tsx,clause demands region-b replica + ARMED Switchover; the PNG shows the declared 2-region pair but the Disaster-recovery panel reads 'NOT LIVE - no live Continuum / cnpg pair backs it' with NO Switchover control and the per-cluster fan-out table empty (Cluster = em-dash); evidence grades the declaration layer while the clause names the runtime replica layer - the cell itself admits this,
61,BACKED,docs/sessions/2026-08-06/hw292-screenshots/row61-apps-grid-topology-badges.png,yes,yes,products/catalyst/bootstrap/ui/src/pages/sovereign/AppsPage.tsx,PNG shows uat-ahs-pg as its own card badged active-hot-standby alongside singleton (guacamole/newapi/harbor/valkey) and active-pas... (spine-openbao) - the vacuity control the cell claims is visible in the artifact,
64,BACKED,docs/sessions/2026-08-06/hw292-screenshots/row64-shared-pg-replication-lag-live.png,yes,yes,products/catalyst/bootstrap/ui/src/pages/sovereign/AppDetail/TopologyTab.tsx + live:Continuum/dr-shared-pg,same shared shared-pg PNG; 'Replication lag 0.0 s' renders as a numeric value with unit under a LIVE badge - not a hardcoded em-dash,51 54 56
65,BACKED,docs/sessions/2026-08-06/hw292-screenshots/row65-cloud-region-cluster-2of2.png,yes,yes,products/catalyst/bootstrap/ui/src/pages/sovereign/CloudPage.tsx,PNG shows the Cloud graph type chips Cloud 1/1 · Region 2/2 · Cluster 2/2 · NodePool 4/4 · WorkerNode 8/8 · LoadBalancer 2/2 with only me-east-215-a and -b region nodes; no phantom bubble,66
66,BACKED,docs/sessions/2026-08-06/hw292-screenshots/row66-cloud-clusters-2of2-per-region.png,yes,yes,products/catalyst/bootstrap/ui/src/pages/sovereign/CloudPage.tsx,byte-identical to the row65 PNG (md5 6c106b51) and it is the graph lens rather than a distinct Clusters list; the Cluster 2/2 chip and the two region nodes are visible so the count assertion holds; HEALTHY rests on node colour plus the narrated chip reading,65
68,BACKED,docs/sessions/2026-08-06/hw292-screenshots/row68-powerdns-admin-healthy.png,yes,yes,live:pod/powerdns-admin-bp-powerdns-admin + platform/powerdns-admin,PNG shows the PowerDNS-Admin dashboard signed in with a DB-backed zone table (omani.works Native serial 2026080301) which is positive proof the CNPG-minted DB host resolved; the pod Healthy/Running half is narrated kubectl with concrete values rather than a pasted dump,
70,LAYER-MISMATCH,docs/sessions/2026-08-06/hw292-screenshots/row70-guacamole-both-regions.png,yes,no,live:pods guacamole-server/guacd/guacamole-pg both regions,"clause names pod health in both regions; the attached PNG is the console bp-guacamole Topology tab whose Status field literally reads 'n/a - bootstrap component (HelmRelease, no Application CR)' and shows placement only - it proves nothing about pod health; the health claim is narrated kubectl with no re-openable artifact",
72,BACKED,docs/sessions/2026-08-06/hw292-screenshots/row72-bss-voucher-form.png,yes,yes,products/catalyst/bootstrap/ui/src/pages/sovereign/bss/VouchersPage.tsx,Filename names row+surface and I opened it: all four named fields (Code / Credit OMR / Plan tier / Description) render; caveat: the cell's second paragraph argues a DIFFERENT row's clause (lands /dashboard signed-in as the owner),
73,BACKED,docs/sessions/2026-08-06/hw292-screenshots/row73-voucher-weak-code-rejected.png,yes,yes,products/catalyst/bootstrap/ui/src/pages/sovereign/bss/voucherCodePolicy.ts,Filename names row and the exact rejection case; cell quotes the inline message verbatim and records the negative control (table stayed at zero rows; nothing minted),
74,BACKED,docs/sessions/2026-08-06/hw292-screenshots/row74-voucher-autogenerated.png,yes,yes,products/catalyst/bootstrap/ui/src/pages/sovereign/bss/VouchersPage.tsx,Filename names row+surface; concrete values (server-minted VCH- prefixed code never typed by the walker; plan M; 50 OMR; status Active) plus an end-to-end corroboration on the customer redeem page,
76,BACKED,docs/sessions/2026-08-06/hw292-screenshots/row76-redeem-junk-code.png,yes,yes,core/marketplace/src/pages/redeem.astro,Filename names row and the junk-code case; all three sub-clauses checked separately with the generic message quoted verbatim and the no-echo / no-status-detail leak checks enumerated,
77,BACKED,docs/sessions/2026-08-06/hw292-screenshots/row77-redeem-page-brand.png,yes,yes,core/marketplace/src/pages/redeem.astro,Screenshot backs only the brand half and the cell says so explicitly; the host-literal half is backed by a curl of 27760 bytes with five token counts all zero plus a post-hydration DOM re-check,
78,BACKED,docs/sessions/2026-08-06/hw292-screenshots/row78-signup-lands-plans.png,yes,yes,core/marketplace/src/pages/plans.astro,Opened it: the plan-picker grid with the six-step funnel breadcrumb; caveat: byte-identical (same md5) to row 79's artifact so one capture is doing duty for two rows,79
79,BACKED,docs/sessions/2026-08-06/hw292-screenshots/row79-plans-grid-m-selected.png,yes,yes,core/marketplace/src/pages/plans.astro,Opened it: all five tiers with price/vCPU/RAM/disk and M marked Selected; the advances-to-/apps half is not visually shown and the file is byte-identical to row 78's,78
80,BACKED,docs/sessions/2026-08-06/hw292-screenshots/row80-wordpress-selected.png,yes,yes,core/marketplace/src/pages/apps.astro,Filename names row+surface; catalog counts quoted (16 available / 1 selected) and the walk self-reported a defect (#5920 retired Sandbox card) rather than a clean pass; its 08-09 appendix is byte-identical to row 81's,
81,BACKED,docs/sessions/2026-08-06/hw292-screenshots/row81-addons-step.png,yes,yes,core/marketplace/src/pages/addons.astro,Primary 08-03 stamp is on-clause with five priced add-ons enumerated and a row-named screenshot; caveat: its 08-09 appendix describes /apps not /addons — a verbatim copy of row 80's paragraph,
82,BACKED,docs/sessions/2026-08-06/hw292-screenshots/row82-bcp-ahs-selected.png,yes,yes,core/marketplace/src/pages/bcp.astro,Filename names row+surface; both Pillar-2 radios quoted with real semantics (RTO 30s / RPO 5s) and real region ids; appendix shared verbatim with row 83,
83,BACKED,docs/sessions/2026-08-06/hw292-screenshots/row83-review-summary.png,yes,yes,core/marketplace/src/pages/review.astro,Strongest artifact in the batch — I opened it and all five clause elements are visible at once: WordPress; plan M selected; Active-hot-standby with primary/replica cluster names; org slug + pool TLD; Proceed to Checkout,
85,UNBACKED,docs/sessions/2026-08-08/hw292-funnel/hw292-funnel-checkout-credited.png,yes,yes,core/marketplace/src/pages/checkout.astro,The artifact CONTRADICTS its own clause: the page renders a PAYMENT METHOD block (ApplePay/Mastercard/VISA) and the text 'On Purchase you will be redirected to Stripe's PCI-compliant checkout' — the walker's no-Stripe probe (iframe[src*=stripe] / cardnumber input / [data-stripe]) structurally cannot fail against a redirect-mode Stripe integration; the Launch click was also never made by the walker's own admission,
89,BACKED,docs/sessions/2026-08-06/hw292-screenshots/row89-perorg-apps-wordpress.png,yes,yes,products/catalyst/bootstrap/ui/src/pages/sovereign/AppsPage.tsx,Filename names row+surface; discriminating control recorded (only WordPress of 8 cards carries an Open chip) and the click destination was verified from the tab list; NOTE the per-Org console at console.<org>.<domain> is painted by the bootstrap/ui tree (sov-app-open-* testid at AppsPage.tsx:1226) not by core/console,
92,LAYER-MISMATCH,none,n/a,no,core/services/gateway/ratelimit.go,The clause names the SIGNED-IN CUSTOMER re-submitting checkout/redeem until a rate-limit NOTICE appears; the 2026-08-10 proof is 20 unauthenticated concurrent curls at /api/billing/vouchers/redeem-preview returning 5x429 with the ratelimit.go body — that grades the gateway HTTP tier not the redeem.astro notice; 'a single legitimate redeem is unaffected' was never exercised (all non-429 responses were 404),
97,BACKED,docs/sessions/2026-08-06/hw292-screenshots/row97-dashboard-treemap-layers.png,yes,yes,products/catalyst/bootstrap/ui/src/pages/sovereign/Dashboard.tsx,PNG shows the treemap rendered plus the SIZE / COLOR / LAYER 1 (Progress) / LAYER 2 (Kind) comboboxes with +/- controls and the six-state legend; header reads 208 items vs the 204 in the cell - a harmless capture-minute drift,
R3,BACKED,live:netpol openbao/openbao-default-deny + platform/plane-isolation/chart/values.yaml,yes,yes,platform/plane-isolation/chart/values.yaml (allowIngressFrom sso-bridge ~line 131),Best-controlled row in the batch: manifest half confirmed at the cited line (I re-read it; sso-bridge is present in allowIngressFrom) and the runtime half is a completed KV-v2 write to openbao:8200 across two consecutive named-pod ticks; THREE distinguishable outcomes measured — allowed (<1s health JSON from the sso-bridge pod); policy-denied (8s timeout from a powerdns-admin pod that is NOT in the list); closed port (0.7s refusal on 127.0.0.1:9999) — so the check can fail,
R4,BACKED,live:pod sso-bridge-reconciler logs (verbatim in cell) + platform/sso-bridge/chart/templates/networkpolicy.yaml,yes,yes,platform/sso-bridge/chart/templates/networkpolicy.yaml (keycloak port 80+8080 allow),Verbatim producer output with concrete values — named pod; two ticks 16:30:02->16:31:31Z; 'tick: tokens minted (kc + openbao)' covering both named egress legs; per-app 'secret persisted to OpenBao' lines carrying the openbao leg to a completed write; the cited chart lines exist and document the Cilium targetPort trap whose absence (no curl-28) is the discriminator; CAVEAT no explicit negative control and the measurement is dated 2026-08-04,
R5,UNBACKED,live:pod sso-bridge-reconciler logs (predecessor env),no,yes,platform/sso-bridge (reconciler tick) + clusters/_template/bootstrap-kit/25-grafana.yaml,ENV DRIFT — the walk cell stamps hw292 but the evidence opens 'a predecessor env-2026-08-03T20:3x-21:0xZ READ-ONLY WALK' and its residual paragraph names that predecessor env again; the verbatim tick logs are real and concrete (4 consecutive region-A ticks; 3 region-B) but they measure a DIFFERENT Sovereign than the row is stamped against; per each-new-env-flushes-all-evidence this is carried-forward cross-env evidence with no hw292 measurement present; the cell also concedes the post-PIN code->token exchange was never exercised; none of the four labels means WRONG-ENV so UNBACKED is used for 'no evidence for the stamped env',
R6,BACKED,none (inline citation),n/a,yes,platform/postgres/chart,Runtime dial from an undeclared namespace with a negative control on the same host: shared-pg-rw:5432 DIAL-OK-A and shared-pg-b-rw:5432 DIAL-OK-B while shared-pg-rw:9999 is CONTROL-CLOSED-9999 — so the allowlist is genuinely filtering; probe/replica-join consumers proven by 10 CNPG Clusters at healthy with per-cluster replica counts,
R7,UNBACKED,none (inline citation),n/a,partial,platform/plane-isolation/chart,The evidence cell TRUNCATES mid-word at 'DAT' — every datapath number it promises (the org-services 200 in ~1ms and the harbor 8s timeout that make the three-way control) is cut off; its header names 'a predecessor env' (de-named; see commit 1846d0f67) while the Walk cell stamps hw292; and it closes with 'Ready to flip from PARTIAL to green' which reads as a recommendation not a stamp,
R8,BACKED,none (inline citation),n/a,yes,live:gitrepository/flux-system,All five GitRepositories named individually with their secretRef and stored-artifact revision (cutover-gitea-git-auth at main@sha1:7bcd1d59; openova-catalog-sovereign-git-auth at catalog-sovereign@sha1:fdf04502; openova-org-tenants-git-auth at org-tenants@sha1:2075d137 plus the two per-Org repos) all pointing at the local gitea; a stored artifact is only reachable with valid credentials,
R9,BACKED,docs/sessions/2026-08-06/hw292-screenshots/row36-powerdns-admin-bare-url-owner.png,yes,yes,clusters/_template/bootstrap-kit/13c-bp-oidc-gate.yaml:205-209 + platform/powerdns-admin/chart/templates/deployment.yaml,Full OIDC round-trip walked in a real browser not curl — 302 -> keycloak realm with client_id=powerdns-admin -> landed /dashboard/ signed in as the owner with 0 password inputs and Logout present — plus both seeding ends confirmed live (producer log write to secret/data/sso/sovereign/powerdns-admin; consumer ExternalSecret Ready=True) and a cross-secret hash identity control proving one bundle fanned out under two key schemes; artifact verified by FILENAME which names row 36 (same app surface) not R9; CAVEAT the cell still retains a stale 'NOT PROVEN HERE: that the round-trip completes at runtime' sentence from the superseded seeding-only evidence,
110,BACKED,docs/sessions/2026-08-06/hw292-screenshots/row110-gitea-signed-in-repos.png,yes,yes,platform/gitea (OIDC client) + live:gitea.hw292,"PNG shows Gitea /explore/repos with the avatar menu present, no login form, and real repos (openova/openova described as the cutover Step-01 mirror, catalog-sovereign/bp-*, uatco/*); the exact repo names differ slightly from the 08-04 narrative because the PNG was captured 08-06",
111,BACKED,docs/sessions/2026-08-06/hw292-screenshots/row111-harbor-signed-in-projects.png,yes,yes,platform/harbor (OIDC client) + live:registry.hw292,"PNG shows /harbor/projects signed in as emrah.baysal@openova.io with Projects 1/9/10, Repositories 117/167/284, quota 31.55GiB, NEW PROJECT + Administration nav; no login form and no gateway error - every number in the cell is visible",
112,BACKED,docs/sessions/2026-08-06/hw292-screenshots/row112-grafana-signed-in-home.png,yes,yes,platform/grafana (Generic OAuth) + live:grafana.hw292,PNG shows the Grafana Home dashboard 'Welcome to Grafana' with the user avatar and no login form; the isGrafanaAdmin/authLabels identity half comes from the narrated /api/user read,
113,BACKED,docs/sessions/2026-08-06/hw292-screenshots/row113-openbao-secrets-engines-no-prompt.png,yes,yes,platform/openbao (OIDC auth) + live:openbao.hw292,"PNG shows /ui/vault/secrets 'Secrets Engines' with cubbyhole/ and secret/ mounts and no token or unseal prompt; CAVEAT the cell itself records - the OIDC session was pre-established and a fresh handshake was deliberately not exercised, so 'via OIDC' rests on the narrated session policies",
114,BACKED,docs/sessions/2026-08-06/hw292-screenshots/row114-newapi-signed-in-token-mgmt.png,yes,yes,products/... newapi chart (OAuth) + live:newapi.hw292,"PNG shows /console/token Token Management signed in as sovereign_2 with the full ADMIN sidebar (Channel/Subscription/Model/User Management, System); no login form and no upstream-connect error",
116,BACKED,docs/sessions/2026-08-06/hw292-screenshots/row116-orgs-directory.png,yes,yes,products/catalyst/bootstrap/ui/src/pages/sovereign/organizations/OrganizationsDirectoryPage.tsx,Opened it: H1 reads Organizations and no Tenants/SME string appears anywhere in frame; authed owner walk with the PIN chain described step by step,
117,BACKED,docs/sessions/2026-08-06/hw292-screenshots/row117-orgs-table-headers.png,yes,yes,products/catalyst/bootstrap/ui/src/pages/sovereign/organizations/OrganizationsDirectoryPage.tsx,Opened it: KIND/TIER/BILLING/ISOLATION/STATUS are legible but the crop cuts off the first 'Organization' header and the whole org-name column — the two elements the rename clause actually turns on; the prose stamp carries them and the row-116 capture corroborates,
118,BACKED,docs/sessions/2026-08-06/hw292-screenshots/row118-sidebar-organizations.png,yes,yes,products/catalyst/bootstrap/ui/src/pages/sovereign/SovereignSidebar.tsx,Filename names row+surface; independently corroborated by row 116's capture which I opened and where the left-nav entry reads Organizations,
119,BACKED,docs/sessions/2026-08-06/hw292-screenshots/row119-create-organization-form.png,yes,yes,products/catalyst/bootstrap/ui/src/pages/org/CreateOrganizationPage.tsx,Filename names row+surface; every field label quoted verbatim plus a case-insensitive tenant/SME scan returning 0; read-only (form rendered not submitted) and the cell says so,
120,BACKED,docs/sessions/2026-08-06/hw292-screenshots/row120-org-detail-uatco.png,yes,yes,products/catalyst/bootstrap/ui/src/pages/sovereign/organizations/OrganizationDetailPage.tsx,Filename names row+surface; walked on a real customer Org with all six field labels enumerated with their values and both a text regex and a data-testid regex scan returning 0,
122,BACKED,docs/sessions/2026-08-06/hw292-screenshots/row122-bss-tenants-redirect.png,yes,yes,products/catalyst/bootstrap/ui/src/app/router.tsx,"Filename names row+surface; I confirmed the alias in source at router.tsx:1868 ({ path: '/bss/tenants', to: '/organizations' }) so the live redirect and the code agree",
124,BACKED,docs/sessions/2026-08-06/hw292-screenshots/row124-catalog-grid.png,yes,yes,products/catalyst/bootstrap/ui/src/pages/sovereign/CatalogPage.tsx,Screenshot shows the sovereign catalog grid with 93 tiles each carrying an icon and summary and the Alloy tile present; prose claims the Alloy tile icon is alloy.svg but the rendered glyph is cilium.svg - the clause only requires an icon so it still holds,
125,BACKED,docs/sessions/2026-08-06/hw292-screenshots/row125-alloy-detail-hero.png,yes,yes,products/catalyst/bootstrap/ui/src/pages/sovereign/CatalogDetail.tsx,Screenshot shows /catalog/bp-alloy rendering hero (icon + name + Edit IaC + summary) plus About and an Instance row bp-alloy/Flux-System/Ready with no login page,131
126,BACKED,docs/sessions/2026-08-06/hw292-screenshots/row126-alloy-inline-edit-open.png,yes,yes,products/catalyst/bootstrap/ui/src/pages/sovereign/CatalogInlineField.tsx,Screenshot shows the SUMMARY editor with textarea + Cancel/Save dropped in place under the hero with no modal chrome or overlay backdrop,152
127,BACKED,docs/sessions/2026-08-06/hw292-screenshots/row127-alloy-summary-saved.png,yes,yes,products/catalyst/bootstrap/ui/src/pages/sovereign/CatalogInlineField.tsx,Screenshot shows the hero summary re-rendered as RECONCILE-PROOF-20260806T141458 with a Saved to IaC checkmark badge and the editor closed,142
128,BACKED,docs/sessions/2026-08-06/hw292-screenshots/row128-catalog-grid-summary-propagated.png,yes,yes,products/catalyst/bootstrap/ui/src/pages/sovereign/CatalogPage.tsx,Full-page grid capture shows the Alloy card body reading RECONCILE-PROOF-20260806T141458 so the edit reached the card and not only the detail page,153
129,BACKED,docs/sessions/2026-08-06/hw292-screenshots/row129-alloy-detail-reload-persisted.png,yes,yes,products/catalyst/bootstrap/api/internal/handler/catalog_iac_edit.go,Post-reload capture (Saved-to-IaC badge gone) still shows the marker in the hero summary; the named GET /api/v1/catalog/bp-alloy/iac output is prose but the UI clause is met by the image,139 155
130,BACKED,docs/sessions/2026-08-06/hw292-screenshots/row130-alloy-editiac-version-field.png,yes,yes,products/catalyst/bootstrap/ui/src/pages/sovereign/CatalogDetail.tsx,Screenshot shows the v1.0.2 version chip in the hero and Edit IaC open on the whole CR; the literal version line sits below the visible scroll but the row145 diff in the same set shows spec.version present,144
131,UNBACKED,docs/sessions/2026-08-06/hw292-screenshots/row131-alloy-icon-baseline.png,yes,yes,products/catalyst/bootstrap/ui/src/shared/lib/resolveCatalogIcon.ts,Artifact CONTRADICTS the clause; rendering both vendored assets shows alloy.svg is an orange swirl while the hero in this shot is the cilium.svg hexagon cluster - the baseline shot was taken after the icon edit so no pre-edit Alloy-glyph baseline exists,125
132,BACKED,docs/sessions/2026-08-06/hw292-screenshots/row132-alloy-icon-saved-toast.png,yes,yes,products/catalyst/bootstrap/ui/src/pages/sovereign/CatalogInlineField.tsx,Screenshot shows the Saved to IaC checkmark badge beside the hero icon with the editor closed which is exactly what the clause asserts,133
133,UNBACKED,docs/sessions/2026-08-06/hw292-screenshots/row133-alloy-hero-new-logo.png,yes,yes,products/catalyst/bootstrap/ui/src/shared/lib/resolveCatalogIcon.ts,Hero glyph is pixel-equivalent to the row131 baseline shot so no logo change is visible; worse the Light-theme thumbnail in this very shot renders BROKEN (alt text Alloy light) so the pasted iconLight did not resolve,132
134,BACKED,docs/sessions/2026-08-06/hw292-screenshots/row134-catalog-grid-icon-propagated.png,yes,yes,products/catalyst/bootstrap/ui/src/shared/lib/resolveCatalogIcon.ts,Grid tile renders cilium.svg while platform/alloy/blueprint.yaml carries no iconLight/iconDark and the bundled fallback is alloy.svg - so the tile provably resolves an edited IaC icon; caveat the pre-edit row124 grid shows the same glyph so the artifact cannot show a change,
135,BACKED,docs/sessions/2026-08-06/hw292-screenshots/row135-alloy-detail-icon-reload-persisted.png,yes,yes,products/catalyst/bootstrap/ui/src/shared/lib/resolveCatalogIcon.ts,Post-reload hero renders cilium.svg which is not the bundled alloy.svg fallback so the render reads persisted IaC on load; caveat the Light-theme thumbnail is broken in the same shot,
136,BACKED,docs/sessions/2026-08-06/hw292-screenshots/row136-alloy-icon-edit-shows-current.png,yes,yes,products/catalyst/bootstrap/ui/src/pages/sovereign/IconPicker.tsx,Screenshot shows both fields pre-filled with current IaC values (light = a raw.githubusercontent URL labelled custom image; dark = /component-logos/cilium.svg) rather than bundled fallbacks; note the prose describes light/dark inverted versus the image,137
137,BACKED,docs/sessions/2026-08-06/hw292-screenshots/row137-alloy-icon-picker-grid.png,yes,yes,products/catalyst/bootstrap/ui/src/pages/sovereign/IconPicker.tsx,Screenshot shows the inline light and dark picker grids each rendering ~21 visible vendored component-logos thumbnails (alloy; cert-manager; cilium; cnpg; crossplane; debezium; envoy; falco; flux; gitea; grafana; harbor; keda ...) with no modal chrome,136
138,BACKED,docs/sessions/2026-08-06/hw292-screenshots/row138-alloy-icon-picker-cilium-selected.png,yes,yes,products/catalyst/bootstrap/ui/src/pages/sovereign/IconPicker.tsx,Screenshot shows the cilium tile ring-selected in the grid with the url field reading /component-logos/cilium.svg and the live preview swatch rendering the Cilium hexagons labelled Cilium,
139,BACKED,docs/sessions/2026-08-06/hw292-screenshots/row139-alloy-hero-cilium-logo-reload.png,yes,yes,products/catalyst/bootstrap/ui/src/shared/lib/resolveCatalogIcon.ts,Post-reload hero renders the Cilium hexagon glyph which is the picker selection and is provably not the bundled alloy.svg swirl; the same file is reused as the row131 baseline so it cannot show before/after ordering,129 155
141,BACKED,docs/sessions/2026-08-06/hw292-screenshots/row141-alloy-summary-hover-pencil.png,yes,yes,products/catalyst/bootstrap/ui/src/pages/sovereign/CatalogInlineField.tsx,Screenshot shows the hero summary boxed with a pencil affordance rendered ON the field itself and no form or modal opened,
142,BACKED,docs/sessions/2026-08-06/hw292-screenshots/row142-alloy-summary-click-type-save.png,yes,yes,products/catalyst/bootstrap/ui/src/pages/sovereign/CatalogInlineField.tsx,Screenshot shows only the summary changed to the proof string with the name still Alloy and the icon untouched and no modal present,127
143,BACKED,docs/sessions/2026-08-06/hw292-screenshots/row143-alloy-name-inline-edit-open.png,yes,yes,products/catalyst/bootstrap/ui/src/pages/sovereign/CatalogInlineField.tsx,Screenshot shows the DISPLAY NAME inline editor pre-filled with Alloy plus Cancel/Save opened in place inside the hero; the post-save Alloy Collector state is prose only,
144,BACKED,docs/sessions/2026-08-06/hw292-screenshots/row144-alloy-editiac-full-cr.png,yes,yes,products/catalyst/bootstrap/ui/src/widgets/cloud-list/YamlEditor.tsx,Screenshot shows the Edit IaC - full blueprint panel with the whole CR from apiVersion/kind/metadata/annotations/labels through spec.card plus Validate and Commit IaC buttons - not a 7-field overlay,130
145,BACKED,docs/sessions/2026-08-06/hw292-screenshots/row145-alloy-yaml-editor-committed.png,yes,yes,products/catalyst/bootstrap/ui/src/widgets/cloud-list/YamlEditor.tsx,Screenshot shows a genuine Current|Proposed side-by-side with one highlighted Proposed-only line and the confirmation Committed to IaC checkmark (catalog-sovereign/bp-alloy/blueprint.yaml); note the committed change is a trailing comment not the spec.version bump the prose describes,154
146,BACKED,docs/sessions/2026-08-06/hw292-screenshots/row146-alloy-editor-subtitle-text.png,yes,yes,products/catalyst/bootstrap/ui/src/pages/sovereign/CatalogDetail.tsx,Screenshot renders the subtitle verbatim and the same string is at CatalogDetail.tsx lines 642-644 so the clause is backed at both the UI and the source,157
147,BACKED,docs/sessions/2026-08-06/hw292-screenshots/row147-wordpress-summary-edit-persisted.png,yes,yes,products/catalyst/bootstrap/api/internal/handler/catalog_iac_edit.go,Screenshot of /catalog/bp-wordpress shows the hero summary carrying the proof marker WP-1785997097484 after reload; marker string differs from the prose (WP-PROOF-20260803T1406Z) because the shot is from the later re-walk,
148,BACKED,docs/sessions/2026-08-06/hw292-screenshots/row148-wordpress-manifests-committed.png,yes,yes,products/catalyst/bootstrap/ui/src/widgets/cloud-list/YamlEditor.tsx,Screenshot shows the SAME YamlEditor loaded with WordPress's structurally different 119-line CR (active-passive; switchover; bp-continuum) and Committed to IaC checkmark (catalog-sovereign/bp-wordpress/blueprint.yaml); caveat the visible committed line 119 is a trailing comment not a spec.manifests edit and the path is bp-wordpress not bp-wordpress-tenant,
149,BACKED,docs/sessions/2026-08-06/hw292-screenshots/row149-wordpress-icon-hero-changed.png,yes,yes,products/catalyst/bootstrap/ui/src/shared/lib/resolveCatalogIcon.ts,Genuine before/after inside the same evidence set - row147 shows the W letter-mark hero and row149 shows a vendored logo glyph in its place; the rendered asset is the Gitea mug not the grafana.svg the prose names,
150,UNBACKED,docs/sessions/2026-08-06/hw292-screenshots/row150-postgres-editiac-contextschema.png,yes,yes,products/catalyst/bootstrap/ui/src/widgets/cloud-list/YamlEditor.tsx,The discriminating half of the clause is absent from the artifact - the editor is scrolled to topology lines 117-135 and contextSchema (kind db; needs; produces; valuesKey) appears nowhere in the image; only the generic edit surface is shown,158
151,BACKED,docs/sessions/2026-08-06/hw292-screenshots/row151-postgres-identical-edit-chrome.png,yes,yes,products/catalyst/bootstrap/ui/src/pages/sovereign/CatalogDetail.tsx,Postgres shot shows the same chrome as the Alloy shot in the same set (hero + Edit IaC + Logos + About + Instances + version chip); caveat the cif-*-edit pencils are hover-only so the identical-testid-set comparison itself is prose,13 50
152,BACKED,docs/sessions/2026-08-06/hw292-screenshots/row152-alloy-inline-edit-headline1.png,yes,yes,products/catalyst/bootstrap/ui/src/pages/sovereign/CatalogDetail.tsx,Screenshot shows hero + About + Instance sections with the summary editor open INLINE under the hero and no modal or overlay chrome - headline 1 as stated,126
153,BACKED,docs/sessions/2026-08-06/hw292-screenshots/row153-alloy-summary-propagation-headline2.png,yes,yes,products/catalyst/bootstrap/ui/src/pages/sovereign/CatalogPage.tsx,Grid capture shows the Alloy card carrying the proof marker; the page-update-in-place and reload-persistence halves are carried by the row127 and row129 artifacts in the same set rather than by this image,128
154,UNBACKED,docs/sessions/2026-08-06/hw292-screenshots/row154-alloy-version-field-editable-headline3.png,yes,yes,products/catalyst/bootstrap/ui/src/widgets/cloud-list/YamlEditor.tsx,The named field is not what the artifact shows - the diff renders version 1.0.2 IDENTICAL in both Current and Proposed panes and the only committed change is a trailing comment; the claimed v1.0.3 hero chip appears in no screenshot,145
155,BACKED,docs/sessions/2026-08-06/hw292-screenshots/row155-alloy-icon-survives-reload-headline4.png,yes,yes,products/catalyst/bootstrap/ui/src/shared/lib/resolveCatalogIcon.ts,Post-reload hero renders the edited cilium.svg rather than the bundled alloy.svg fallback; the pre-fill and picker-grid halves are carried by the row137 and row138 artifacts in the same set,129 139
157,BACKED,docs/sessions/2026-08-06/hw292-screenshots/row157-alloy-dual-edit-paths-headline6.png,yes,yes,products/catalyst/bootstrap/ui/src/pages/sovereign/CatalogDetail.tsx,Strongest artifact in the batch - the YamlEditor's Current pane visibly contains summary RECONCILE-PROOF-20260806T141458 and iconLight/iconDark /component-logos/cilium.svg so the cif-* inline saves demonstrably landed in the very file Edit IaC opens,146
158,UNBACKED,docs/sessions/2026-08-06/hw292-screenshots/row158-postgres-3rd-blueprint-headline7.png,yes,yes,products/catalyst/bootstrap/ui/src/pages/sovereign/CatalogDetail.tsx,The clause needs a 2nd AND 3rd blueprint but the artifact is a single PostgreSQL capture (byte-identical to row150's file); the bp-cnpg and bp-keycloak walks with their proof strings are prose only with no screenshot,150
159,UNBACKED,docs/sessions/2026-08-06/hw292-screenshots/row159-sovereignty-panel-post-cutover.png,yes,no,products/catalyst/bootstrap/ui/src/pages/sovereign,I opened the PNG: it shows the POST-cutover panel — badge reads SOVEREIGN with 'Sovereignty achieved' and 'CUTOVER IN PROGRESS 100%'; the clause's TETHERED badge and 'Achieve True Sovereignty' CTA appear nowhere in the artifact and survive as prose only; file is byte-identical to row160's PNG,160
160,BACKED,docs/sessions/2026-08-06/hw292-screenshots/row160-settings-sovereignty-anchor.png,yes,yes,products/catalyst/bootstrap/ui/src/pages/sovereign,I opened the PNG: the Settings sidebar renders a dedicated 'Sovereignty' item as its last entry and the Cluster-sovereignty panel is present on the same page; the shared image covers this clause even though it does not cover row 159's,159
161,BACKED,docs/sessions/2026-08-06/hw292-screenshots/row161-jobs-populated-activity.png,yes,yes,products/catalyst/bootstrap/ui/src/pages/sovereign,I opened the PNG: /jobs renders a populated typed table (Install Axon / cluster-autoscaler / Debezium / Envoy / frpc / KEDA / KServe with LIFECYCLE kind chips) signed in as the owner — no spinner; no empty state; no login redirect,
162,BACKED,docs/sessions/2026-08-06/hw292-screenshots/row162-cutover-14-steps.png,yes,partial,platform/self-sovereign-cutover/chart,I opened the PNG: 14/182 rows all parented to 'Cutover' with the 11 canonical step names plus 3 region-b legs; two divergences from the prose — the filter shown is the free-text search 'cutover-step' with PARENT=All (not the Parent facet the cell describes) and the total reads 182 not 181; the clause's 'expand the group row' affordance does not exist,163 164
163,BACKED,docs/sessions/2026-08-06/hw292-screenshots/row163-cutover-step-statuses-honest.png,yes,yes,platform/self-sovereign-cutover/chart,I opened the PNG (byte-identical to row162/164/166): every one of the 14 step rows reads SUCCEEDED; the anti-premature-green half rests on a disclosed mid-run observation (idx=7 egress-block-test with cutoverComplete=false for ~26 min) which is a genuine discriminator rather than an all-green tautology,162 164
164,UNBACKED,docs/sessions/2026-08-06/hw292-screenshots/row164-cutover-group-reflects-children.png,yes,partial,platform/self-sovereign-cutover/chart,The clause names the discriminating case — a group with a FAILED child must read failed — and no failed child ever existed on this env (11 Jobs Complete; 0 Failed); the check therefore could not fail; the evidence grades the ConfigMap and Job objects rather than the group badge and the artifact is the same all-green jobs PNG reused for rows 162/163/166,162 163
167,BACKED,docs/sessions/2026-08-06/hw292-screenshots/row167-dashboard-signedin-no-login.png,yes,yes,products/catalyst/bootstrap/ui/src/pages/sovereign/Dashboard.tsx + live:catalyst-api session,Concrete landing state (treemap 194 items; identity chip; no login form or password field) and a unique row-id-named screenshot; verified by filename since PNGs hold no text,
168,BACKED,docs/sessions/2026-08-06/hw292-screenshots/row168-jobs-populated-list.png,yes,yes,products/catalyst/bootstrap/ui/src/pages/sovereign/JobsPage.tsx,168 populated activity rows counted with no spinner/empty-state/login-redirect; full-page screenshot on disk (2.9 MB) named for the row,
169,BACKED,docs/sessions/2026-08-06/hw292-screenshots/row169-jobs-kind-column-viewport.png,yes,yes,products/catalyst/bootstrap/ui/src/pages/sovereign/JobsTable.tsx,Header quoted verbatim (Name·Kind·App·Region·Deps·Parent·Status·Runs·Started·Duration) and 37 typed-kind cells sampled across five kinds; screenshot exists,
170,BACKED,docs/sessions/2026-08-06/hw292-screenshots/row170-jobs-install-openbao-succeeded.png,yes,yes,products/catalyst/bootstrap/ui/src/pages/sovereign/JobsTable.tsx,The install-openbao row is transcribed field-by-field (Kind=install; App=openbao; Region=primary; Deps=install-gateway-api+install-cnpg; Parent=Bootstrap; Status=Succeeded; 20m47s) which is the exact cell the clause names,
171,BACKED,docs/sessions/2026-08-06/hw292-screenshots/row171-jobs-real-rows.png,yes,yes,products/catalyst/bootstrap/ui/src/pages/sovereign/jobsAdapter.ts,COVERAGE CAVEAT the row declares honestly: the clause is universal ('every rendered row') but only 4 of 168 rows were cross-checked against kubectl; the no-placeholder half is checked table-wide by name shape only,
172,BACKED,docs/sessions/2026-08-06/hw292-screenshots/row172-jobs-status-failed-filter.png,yes,yes,products/catalyst/bootstrap/ui/src/pages/sovereign/JobsPage.tsx,Best-evidenced row in the batch — filter re-renders 178→1 with testid and data-status=failed AND a cluster-wide Job sweep finds exactly one genuinely failed Job (BackoffLimitExceeded) with an independent API read agreeing 10/1/1; I opened the screenshot and it shows STATUS=failed with 1/182; the second cited path .playwright-mcp/hw292-172-jobs-failed-filter.png is ABSENT but is redundant,174
174,BACKED,docs/sessions/2026-08-06/hw292-screenshots/row174-jobs-rerun-on-failed-row.png,yes,yes,products/catalyst/bootstrap/ui/src/pages/sovereign/JobsTable.tsx,I opened the PNG: the FAILED Syft SBOM row carries a visible Re-run control in the ACTIONS column — the clause exactly; note the image is byte-identical to row 172's and shows syft-sbom while this row's 08-03 prose names a different failed row (cutover-harbor-prewarm) three days earlier,172
175,BACKED,docs/sessions/2026-08-06/hw292-screenshots/row175-jobs-no-rerun-on-succeeded.png,yes,yes,products/catalyst/bootstrap/ui/src/pages/sovereign/JobsTable.tsx,Genuine negative measurement rather than a spot check — exactly 1 Re-run button across all 168 rows while ~150 render Succeeded/healthy; unique screenshot on disk,
179,BACKED,docs/sessions/2026-08-06/hw292-screenshots/row179-console-avatar-menu-signedin.png,yes,yes,products/catalyst/bootstrap/ui/src/pages/sovereign,I opened the PNG: the top-right avatar menu is open and reads 'Signed in as / emrah.baysal@openova.io / Sign out' over the live dashboard treemap — exactly the clause,
180,BACKED,docs/sessions/2026-08-06/hw292-screenshots/row30-row180-grafana-bare-url-owner.png,yes,partial,live:grafana-oidc-sso,I opened the PNG: Grafana Home breadcrumb; full left nav incl. Administration; profile avatar top-right; zero login form — but the content pane is blank so the clause's literal 'Welcome to Grafana' panel and the ?orgId=1 URL are not visible in the artifact; the identity half is carried by the verbatim GET /api/user 200 with authLabels Generic OAuth,
181,BACKED,docs/sessions/2026-08-06/hw292-screenshots/row32-row181-harbor-bare-url-owner.png,yes,yes,live:harbor-oidc-sso,I opened the PNG: /harbor/projects signed in as emrah.baysal@openova.io with the Administration nav expanded; Projects 1/9/10; Repositories 117/167/284; quota 31.55GiB and all 10 project rows — matches the cell verbatim,
182,BACKED,docs/sessions/2026-08-06/hw292-screenshots/row31-row182-gitea-bare-url-owner.png,yes,partial,live:gitea-oidc-sso,I opened the PNG: the gitea dashboard renders logged in as emrah.baysal (Gitea 1.22.3 footer); the clause's document title and the ':443 stays on the URL' half are not visible in a screenshot and rest on the cell's prose,
187,BACKED,docs/sessions/2026-08-06/hw292-screenshots/row187-grafana-active-active.png,yes,yes,products/catalyst/bootstrap/ui/src/pages/sovereign/AppDetail/TopologyTab.tsx,PNG shows the bp-grafana Topology tab reading 'Pattern: active-active' with two region cards both badged PRIMARY / serves writes and zero STANDBY - exactly both clauses,
189,UNBACKED,NONE,no,unknown,core/services/provisioning/handlers/kubeconfig_reconciler.go + live:secret/catalyst/cutover-secondary-kubeconfigs,"no artifact of any kind - prose only; and the clause's operative word 'on restart' was never exercised - the walk compared an external copy against the stored copy at one instant and inferred the self-heal had already happened, so zero-touch-on-restart is asserted, not demonstrated",
193,BACKED,docs/sessions/2026-08-06/hw292-screenshots/row193-recon-drillin-argocd-surface.png,yes,partial,products/catalyst/bootstrap/ui/src/pages/sovereign,I opened the PNG: a real drill-in surface with the nine tabs Overview/YAML/Logs/Events/Metrics/SBOM/Compliance/Reconcile/Tree plus APIVERSION/KIND/OWNER/LABELS/ACTIONS — but it is helmrelease/bp-alloy not the Kustomization the cell describes and the Overview shows no annotations block; the cell's 'live annotations including reconcile.fluxcd.io/requestedAt' is not in the artifact,
194,BACKED,docs/sessions/2026-08-06/hw292-screenshots/row194-recon-list-live-status.png,yes,partial,products/catalyst/bootstrap/ui/src/pages/sovereign,I opened the PNG: /cloud list renders the HelmReleases table with per-row live status chips (Reconciled and Reconciling both present; e.g. bp-catalyst-platform and bp-continuum read Reconciling) — but it is the HelmReleases view; the cell describes the 10-row kustomizations view; PNG is byte-identical to row198-cloud-helmreleases-72.png,198
195,UNBACKED,docs/sessions/2026-08-06/hw292-screenshots/row195-recon-logs.png,yes,no,products/catalyst/bootstrap/ui/src/pages/sovereign,I opened the PNG: the Logs tab renders the PLACEHOLDER 'Logs are streamed per-Pod. Drill into the Tree tab and pick a child Pod to see logs.' — the literal opposite of the clause; the verbatim kustomize-controller line is prose only; the cell itself admits the logs route was never called this pass; and the cell carries a spliced unit-test fragment (TestLogLineMentionsToken_...) belonging to another row,
196,BACKED,docs/sessions/2026-08-06/hw292-screenshots/row196-recon-reconcile-clicked.png,yes,yes,products/catalyst/bootstrap/api/internal/handler,Cell carries a before/after pair read from the live object with kubectl (requestedAt 2026-08-03T14:01:12.20355763Z -> 14:03:01.38594655Z after pressing reconcile-action-reconcile at 14:03:02Z); I opened the PNG and it corroborates the control ('Reconcile now' + 'reconcile requested by emrah.baysal@openova.io'),
197,BACKED,docs/sessions/2026-08-06/hw292-screenshots/row197-recon-suspended.png,yes,yes,products/catalyst/bootstrap/api/internal/handler,Cell reports both directions read off the live object (spec.suspend unset -> True -> False with applied revision main@sha1:7bcd1d59573c52727c6edb16dbb1a6871e69ba7c); I opened the PNG and it shows 'suspend requested by ...' while SUSPENDED still reads no — the stale-pane sub-defect the cell itself discloses; the live object is the layer the clause names,
198,BACKED,docs/sessions/2026-08-06/hw292-screenshots/row198-cloud-helmreleases-72.png,yes,yes,products/catalyst/bootstrap/ui/src/pages/sovereign/cloud-list/K8sListPage.tsx,UI count 67 matches kubectl get helmreleases -A = 67 exactly plus four more kinds cross-checked and an honest zero and two disclosed unwired kinds (#5611); I opened the PNG and it shows the real HelmReleases table but is a viewport capture so the total is not visible in-frame; filename says 72 while every measured value says 67,194
204,BACKED,docs/sessions/2026-08-06/hw292-screenshots/row204-cloud-workernodes-8.png,yes,yes,products/catalyst/bootstrap/ui/src/pages/sovereign/cloud-compute/WorkerNodesPage.tsx,'Not 0' is satisfied and cross-checked against kubectl; ARITHMETIC CAVEAT the evidence surfaces without resolving — kubectl reports 3 workers + 1 control-plane per region so the real worker count is 6 while the WorkerNode chip reads 8/8; the chip appears to count control-planes as workers,
205,BACKED,none (inline citation),n/a,partial,products/catalyst/bootstrap/api/internal/handler/applications.go,Verbatim API values: GET /api/v1/fleet/applications 200; 60482 bytes; items=79 across 68 Blueprints with 79 unique names and a populated sovereign block; the cell also discloses that the /fleet browser route 404s by design on a Sovereign (router.tsx gates fleet on mothership mode) so the pass grades the API not the page,
209,BACKED,none (inline citation),n/a,yes,live:storageclass/evs-ssd,Verbatim counts with a genuineness discriminator: region-a 51 PVCs and region-b 48 PVCs all on evs-ssd; provisioner evs.csi.huaweicloud.com; 50 PVs CSI-backed with real Huawei EVS volumeHandles; hostPath/local PVs = 0,
210,BACKED,none (inline citation),n/a,partial,live:storageclass,Verbatim `kubectl get storageclass` returning exactly two classes (evs-ssd default; seaweedfs-storage) so local-path is absent not merely unused — but it proves the StorageClass absence; the clause's parenthetical k3s --disable=local-storage flag is never read,
211,BACKED,docs/sessions/2026-08-05/hw292-uat-173-211/row211-mcp-list_applications-response.json,yes,yes,products/openova-mcp/internal/tools,TRAP CHECKED AND CLEARED — I opened the artifacts and they are genuine MCP: JSON-RPC 2.0 envelopes with tools/call to POST https://mcp.hw292.omani.works/mcp returning isError=false and 14 Applications with namespace/blueprint/version/phase; this is NOT a REST call to catalyst-api; PRINCIPAL CAVEAT — row211-mcp-whoami.json literally reads sovereign_admin:false tier:owner so the clause's sovereign-admin token was never itself exercised; the walk discloses this and argues owner is a strict superset,
214,BACKED,none,n/a,yes,products/catalyst/bootstrap/ui,Verbatim audit of the SERVED bundle with an exact byte count and all ten 'tenant' literals enumerated and individually classified as non-display; standalone SME = 0 which I re-confirmed in the source tree; NOT re-openable — the asset hash is env-scoped and hw292's bundle is gone with the env,
215,BACKED,none,n/a,yes,products/catalyst/chart/crds/organization.yaml,"Re-verified by me in-repo: spec.tier enum [org, corporate] at organization.yaml:120; the cell's own control (sibling planSlug enum [s m l xl flexi]) also matches at line 128 so the live extractor was not echoing a constant",
226,BACKED,docs/sessions/2026-08-06/hw292-screenshots/row226-wordpress-reachable.png,yes,yes,core/controllers/organization/internal/controller/per_org_flux.go,Opened it: the WordPress first-run installer is serving; the hostname is not in frame but the cell carries the curl chain (302 -> /wp-admin/install.php -> 200) plus the flux Kustomization Ready=True with applied revision sha and the running pod names; byte-identical to row 89's second capture,
229,BACKED,none (inline citation),n/a,yes,products/catalyst/bootstrap/clusters,Concrete live reads plus two discriminators: bootstrap-kit Ready=True at main@sha1:7bcd1d59 and Healthy=True in 245ms; cnpg-system operator 1/1; 21 apiserver-egress CNPs VALID=True; a Cluster created INSIDE the 20:01-20:22Z region-kill window still reached 3/3; and a vacuity control where the same probe returns 'Setting up primary' for a different Cluster,
230,BACKED,none (inline citation),n/a,yes,live:secret/ghcr-pull-reflection,Consumption half actually exercised: pod uatco-agenity-rtz-a-bp-agenity-0 pulled ghcr.io/openova-io/agenity:0.9.7 resolved to a real imageID with imagePullSecrets=[ghcr-pull]; plus a same-URL credential control (anonymous 401 vs reflected secret 200) and a NotFound vacuity control,
231,BACKED,none (inline citation),n/a,yes,platform/postgres/chart,Subject was created rather than reasoned about: POST 201; chart bp-postgres@0.2.16; spec.instances=1 (singleton not activeHotStandby); readyInstances=1; netpol postgres-allow-cnpg-operator-probe present at runtime in ns walk-stranger-two with a before-state control showing it existed in ZERO namespaces while 40 netpols existed; plus a cross-Org quota control,
235,LAYER-MISMATCH,(inline; no file),n/a,no,platform/sso-bridge + live:grafana OIDC client,THE WRONG SURFACE ENTIRELY — the clause is grafana /login/generic_oauth → Keycloak → signed-in 3/3 with bp-sso-bridge refreshing the grafana OIDC client secret; both stamps instead walk the CONSOLE passwordless-PIN flow (pin/issue → mailbox code → pin/verify → /api/v1/whoami 200) three times; grafana; the OIDC round-trip; the client secret and sso-bridge are never touched — the walk matched the '3/3' numerology and not the surface,
236,BACKED,docs/sessions/2026-08-06/hw292-screenshots/row236-keycloak-topology-regionb.png,yes,yes,platform/keycloak + live:region-b bp-keycloak HelmRelease,Every PASS sub-clause is measured: region-b HR Ready=True bp-keycloak@1.5.7; keycloak-0 1/1 Running; realm import proven by an in-pod discovery 200 on a realm that exists only via the primary's shared-pg (the real cross-region DB test) with 0 ERROR/FATAL; DISCLOSED DEVIATION — the literal keycloak.<host> has no HTTPRoute so the 302 was walked against the canonical auth.<fqdn> and the row text needs updating,
R10,BACKED,none,n/a,yes,products/catalyst/chart/templates/controllers/organization-controller-clusterrole.yaml,Re-verified by me in-repo: organizations verbs are get/list/watch/update/patch and the cell's live extraction carried a differing-verb control (helmreleases lacking update/patch) so the reader is not blanket-asserting; runtime half proven via a finalizer present on a live CR,
R12,UNBACKED,none (inline citation),n/a,partial,live:svc/shared-pg-mesh-rw,The evidence cell TRUNCATES mid-sentence at '(no local' so the cross-region routing and the streaming-replication half it claims are cut off entirely; and its header names 'a predecessor env' (a de-named env; the same de-naming edit is visible in commit 1846d0f67) while the Walk cell stamps hw292 — the pass is attributed to an env the evidence does not claim; the DNS half alone is verbatim with an NXDOMAIN control,
R13,BACKED,none (inline citation),n/a,yes,live:region-b/keycloak+gitea+harbor,Verbatim per-pod steady state: keycloak-0 1/1 Running 0 restarts 7h15m; gitea 1/1 + gitea-sso-configure 1/1 0 restarts; full harbor stack Running 0 restarts; cluster-wide CrashLoopBackOff in region-b = 0,
R14,BACKED,docs/sessions/2026-08-06/hw292-screenshots/rowR14-organizations-directory-live.png,yes,yes,products/catalyst/bootstrap/api/internal/handler/org_list_from_cr.go + products/catalyst/bootstrap/ui/src/pages/sovereign/organizations/OrganizationsDirectoryPage.tsx,"Discriminates correctly on a CR-ONLY field: every record carries boundary_phase Ready which has no source in the provision store, so mergeOrgResponses genuinely merged CR data rather than echoing Store.List(); I opened the screenshot and the directory table renders 4/4 live Org rows with kind/tier/billing/isolation/status; prose count (2) predates the screenshot count (4) by two days",21 22 23
R15,BACKED,none,n/a,yes,core/services/provisioning/handlers/organization_create.go,Verbatim read-only psql output with real ids across four hops (order -> plan slug -> tenant -> Organization CR spec.planSlug -> overlay ResourceQuota label); caveat: the cell attributes the walk to 'a predecessor env' while the Walk column stamps hw292 (10 rows in UAT.md carry that same phrase),
R18,BACKED,none (inline citation),n/a,yes,products/catalyst/bootstrap/api/cmd/api/main.go,Guard observed FIRING verbatim in catalyst-api at boot ('preserving mothership-injected handover pubkey; not publishing local signer key (#4450)') 3ms after 'signer ready' — so a local signer existed and was still declined; the stored Secret is untouched (single key public.jwk; 399 bytes; age 12h); the cell also self-discloses and fixes an empty-sha256 vacuity in its own script (3d98af405),
R20,BACKED,none (inline citation),n/a,yes,.github/workflows,Env-independent and git-resident (Walk cell honestly reads 'repo'): full 859-commit population isolated by subject prefix; 767 one-file/one-line + 87 two-file/one-line-each = 854/859; the 5 exceptions inspected individually with a named example (54168d390); a first wrong population was discarded and said so,
R21,BACKED,scripts/check-catalog-seed-lockstep.sh,yes,yes,products/catalyst/chart/templates/catalog-seed/blueprints.yaml,Evidence names a re-runnable gate that exists on disk and quotes output matching the script's own echo strings at lines 440 and 463 verbatim; the cited commit 1978fa0cf resolves in git and the gate's adversarial proof is referenced by issue number,
